,日付,アカウント名,ツイート
0,2020-08-12 08:50:01+00:00,chakomapandaru,きのこ☆完成だるぅ☆ ↑近日、minneで販売予定☆ 『彩りの森のだるだるさんと仲間たち。』 → http://minne.com/@chakomapan #ガラス #だるだるさん #インテリア雑貨 #飾り #ハンドメイド #パグ #犬グッズ #パググッズ #minne #プラ板 #とんぼ玉 #イラスト #レジン #きのこ 
1,2020-09-04 19:31:23+00:00,tocho_koho,感染拡大を防ぐため、「感染防止徹底宣言ステッカー」が掲示されている店舗等を利用しましょう。（令和２年８月１日から条例化されました。）
2,2020-08-12 08:01:30+00:00,Kinoko20181225, じーーーー #ウーパールーパー #きのこ #もも #kinoko #癒し系 #Axolotl #Ambystoma #mexicanum #六角恐龍 #墨西哥鈍口螈 #美西螈
3,2020-08-12 08:00:00+00:00,thuthu_note,スーパーでうってるようなキノコ 菌床がついてるから、 おみそしるに入れるときは、 しっかり取った方がよいよ きのこ https://www.creema.jp/item/4179759/detail えのき一本 https://www.creema.jp/item/1509329/detail スーパーのえのき一本 https://www.creema.jp/item/4436441/detail スーパーのえのき2本 https://www.creema.jp/item/6080482/detail #きのこ 
4,2020-08-12 07:08:24+00:00,ririko232,おはようございます。 今日のきのこ。 #今日のきのこ #自然教育園 #きのこ
5,2020-08-12 05:44:05+00:00,ADHD36515537,今のところ１ヶ月半で4kg落ちてる！ なんか嬉しいな。 見た目的にあまり変わってないけど、これからも頑張る。 #ダイエット #きのこ
6,2020-08-12 05:43:15+00:00,okaerikinoko,伝えたい #創作漫画 #きのこ #キノコ #４コマ #4コマ漫画 #漫画が読めるハッシュタグ #救われる
7,2020-08-12 02:57:48+00:00,BHavero,Göranと夕方少し森に行って来ました 去年見つけた場所と今日新たに見つけた場所で黄カンタレッラ（#杏茸）をたくさん採ってきた 今日は暑くて風もなかったので夕方だったし蚊とかいろいろ飛び出してて今かゆい。。。 でも #カンタレッラ でプラスマイナス大プラス #北スウェーデン #きのこ 
8,2020-08-12 01:06:48+00:00,olEh93TWdKPcF6n,虫目線のきのこっこ！！！ 夏はツルタケ秋はベニテングタケが発生する場所です！！！ #きのこ #自然 #夏 https://www.instagram.com/p/CDwVAaLJSbJ/?igshid=11st0rmm6bawr
9,2020-08-11 23:23:27+00:00,45e4p622228e3,キノコ思ったより反応あって嬉しいです！今日も最後にお気に入り貼っときます！ 見ていただいてありがとうございました！ #キノコ #きのこ
